rgn_id,stock_id,year,bbmsy
1,Coryphaena_hippurus-51,2001,1.60616463
1,Coryphaena_hippurus-51,2002,1.562206292
1,Coryphaena_hippurus-51,2003,1.506019759
1,Coryphaena_hippurus-51,2004,1.460799969
1,Coryphaena_hippurus-51,2005,1.419451472
1,Coryphaena_hippurus-51,2006,1.395754308
1,Coryphaena_hippurus-51,2007,1.369896986
1,Coryphaena_hippurus-51,2008,1.341265414
1,Coryphaena_hippurus-51,2009,1.309119339
1,Coryphaena_hippurus-51,2010,1.262182045
1,Coryphaena_hippurus-51,2011,1.208398669
1,Coryphaena_hippurus-51,2012,1.162118097
1,Coryphaena_hippurus-51,2013,1.125911813
1,Coryphaena_hippurus-51,2014,1.091530427
1,Istiophorus_platypterus-51,2001,1.486972388
1,Istiophorus_platypterus-51,2002,1.473783981
1,Istiophorus_platypterus-51,2003,1.450071064
1,Istiophorus_platypterus-51,2004,1.426866087
1,Istiophorus_platypterus-51,2005,1.40593378
1,Istiophorus_platypterus-51,2006,1.384310014
1,Istiophorus_platypterus-51,2007,1.362771604
1,Istiophorus_platypterus-51,2008,1.342070405
1,Istiophorus_platypterus-51,2009,1.322919349
1,Istiophorus_platypterus-51,2010,1.301069934
1,Istiophorus_platypterus-51,2011,1.272143875
1,Istiophorus_platypterus-51,2012,1.2324879
1,Istiophorus_platypterus-51,2013,1.184518919
1,Istiophorus_platypterus-51,2014,1.122274739
1,Carcharhinus_falciformis-51,2002,1.086946989
1,Carcharhinus_falciformis-51,2003,1.087988824
1,Carcharhinus_falciformis-51,2004,1.089710727
1,Carcharhinus_falciformis-51,2005,1.093951941
1,Carcharhinus_falciformis-51,2006,1.096123683
1,Carcharhinus_falciformis-51,2007,1.098643492
1,Carcharhinus_falciformis-51,2008,1.100650768
1,Carcharhinus_falciformis-51,2009,1.102833368
1,Carcharhinus_falciformis-51,2010,1.104825931
1,Carcharhinus_falciformis-51,2011,1.113425513
1,Carcharhinus_falciformis-51,2012,1.108160057
1,Carcharhinus_falciformis-51,2013,1.088586239
1,Carcharhinus_falciformis-51,2014,1.058293513
1,Carcharhinus_melanopterus-51,2001,1.321688402
1,Carcharhinus_melanopterus-51,2002,1.306510634
1,Carcharhinus_melanopterus-51,2003,1.289824082
1,Carcharhinus_melanopterus-51,2004,1.270144329
1,Carcharhinus_melanopterus-51,2005,1.248610303
1,Carcharhinus_melanopterus-51,2006,1.223912561
1,Carcharhinus_melanopterus-51,2007,1.197574431
1,Carcharhinus_melanopterus-51,2008,1.169162098
1,Carcharhinus_melanopterus-51,2009,1.139773792
1,Carcharhinus_melanopterus-51,2010,1.110612765
1,Carcharhinus_melanopterus-51,2011,1.080520248
1,Carcharhinus_melanopterus-51,2012,1.047289361
1,Carcharhinus_melanopterus-51,2013,1.011455243
1,Carcharhinus_melanopterus-51,2014,0.972793162
1,Lethrinus_nebulosus-51,2001,1.577404971
1,Lethrinus_nebulosus-51,2002,1.566651131
1,Lethrinus_nebulosus-51,2003,1.549212695
1,Lethrinus_nebulosus-51,2004,1.521755759
1,Lethrinus_nebulosus-51,2005,1.48795252
1,Lethrinus_nebulosus-51,2006,1.45008927
1,Lethrinus_nebulosus-51,2007,1.410899102
1,Lethrinus_nebulosus-51,2008,1.372825045
1,Lethrinus_nebulosus-51,2009,1.337018885
1,Lethrinus_nebulosus-51,2010,1.303023549
1,Lethrinus_nebulosus-51,2011,1.271217262
1,Lethrinus_nebulosus-51,2012,1.236113333
1,Lethrinus_nebulosus-51,2013,1.196347222
1,Lethrinus_nebulosus-51,2014,1.153301484
1,Lethrinus_lentjan-51,2001,1.726078735
1,Lethrinus_lentjan-51,2002,1.672326086
1,Lethrinus_lentjan-51,2003,1.604989918
1,Lethrinus_lentjan-51,2004,1.528146185
1,Lethrinus_lentjan-51,2005,1.464131669
1,Lethrinus_lentjan-51,2006,1.40888099
1,Lethrinus_lentjan-51,2007,1.351992936
1,Lethrinus_lentjan-51,2008,1.29729374
1,Lethrinus_lentjan-51,2009,1.238091695
1,Lethrinus_lentjan-51,2010,1.181438191
1,Lethrinus_lentjan-51,2011,1.129254186
1,Lethrinus_lentjan-51,2012,1.081402641
1,Lethrinus_lentjan-51,2013,1.03276783
1,Lethrinus_lentjan-51,2014,0.986544397
1,Lethrinus_olivaceus-51,2001,1.554286483
1,Lethrinus_olivaceus-51,2002,1.531008531
1,Lethrinus_olivaceus-51,2003,1.501484652
1,Lethrinus_olivaceus-51,2004,1.467144164
1,Lethrinus_olivaceus-51,2005,1.428646656
1,Lethrinus_olivaceus-51,2006,1.389418853
1,Lethrinus_olivaceus-51,2007,1.349737753
1,Lethrinus_olivaceus-51,2008,1.311752461
1,Lethrinus_olivaceus-51,2009,1.275203358
1,Lethrinus_olivaceus-51,2010,1.240302572
1,Lethrinus_olivaceus-51,2011,1.206122058
1,Lethrinus_olivaceus-51,2012,1.172563692
1,Lethrinus_olivaceus-51,2013,1.14050783
1,Lethrinus_olivaceus-51,2014,1.110246025
1,Diagramma_pictum-51,2001,1.155902547
1,Diagramma_pictum-51,2002,1.15088558
1,Diagramma_pictum-51,2003,1.143191238
1,Diagramma_pictum-51,2004,1.136323603
1,Diagramma_pictum-51,2005,1.130723398
1,Diagramma_pictum-51,2006,1.130775144
1,Diagramma_pictum-51,2007,1.13184948
1,Diagramma_pictum-51,2008,1.133106625
1,Diagramma_pictum-51,2009,1.135343343
1,Diagramma_pictum-51,2010,1.130210441
1,Diagramma_pictum-51,2011,1.125801049
1,Diagramma_pictum-51,2012,1.121241813
1,Diagramma_pictum-51,2013,1.11632776
1,Diagramma_pictum-51,2014,1.110073692
1,Epinephelus_areolatus-51,2001,1.578665537
1,Epinephelus_areolatus-51,2002,1.553375887
1,Epinephelus_areolatus-51,2003,1.520432927
1,Epinephelus_areolatus-51,2004,1.481616328
1,Epinephelus_areolatus-51,2005,1.441476898
1,Epinephelus_areolatus-51,2006,1.40151147
1,Epinephelus_areolatus-51,2007,1.3616012
1,Epinephelus_areolatus-51,2008,1.323894361
1,Epinephelus_areolatus-51,2009,1.288268055
1,Epinephelus_areolatus-51,2010,1.250529062
1,Epinephelus_areolatus-51,2011,1.213673903
1,Epinephelus_areolatus-51,2012,1.176291402
1,Epinephelus_areolatus-51,2013,1.136150822
1,Epinephelus_areolatus-51,2014,1.094381245
1,Gerres_oyena-51,2001,1.399440154
1,Gerres_oyena-51,2002,1.48601068
1,Gerres_oyena-51,2003,1.549154175
1,Gerres_oyena-51,2004,1.577019061
1,Gerres_oyena-51,2005,1.583550793
1,Gerres_oyena-51,2006,1.560413833
1,Gerres_oyena-51,2007,1.516160156
1,Gerres_oyena-51,2008,1.458741885
1,Gerres_oyena-51,2009,1.392936061
1,Gerres_oyena-51,2010,1.337877776
1,Gerres_oyena-51,2011,1.304286987
1,Gerres_oyena-51,2012,1.269783173
1,Gerres_oyena-51,2013,1.236861127
1,Gerres_oyena-51,2014,1.200643996
1,Penaeus_monodon-51,2001,1.584008485
1,Penaeus_monodon-51,2002,1.559434567
1,Penaeus_monodon-51,2003,1.534956402
1,Penaeus_monodon-51,2004,1.50846296
1,Penaeus_monodon-51,2005,1.484656698
1,Penaeus_monodon-51,2006,1.462808192
1,Penaeus_monodon-51,2007,1.428877799
1,Penaeus_monodon-51,2008,1.375726746
1,Penaeus_monodon-51,2009,1.32728013
1,Penaeus_monodon-51,2010,1.284246995
1,Penaeus_monodon-51,2011,1.222073057
1,Penaeus_monodon-51,2012,1.155167825
1,Penaeus_monodon-51,2013,1.091746229
1,Penaeus_monodon-51,2014,1.01699629
1,Penaeus_semisulcatus-51,2001,0.86925842
1,Penaeus_semisulcatus-51,2002,0.799126109
1,Penaeus_semisulcatus-51,2003,0.74098604
1,Penaeus_semisulcatus-51,2004,0.686958759
1,Penaeus_semisulcatus-51,2005,0.645266038
1,Penaeus_semisulcatus-51,2006,0.611171206
1,Penaeus_semisulcatus-51,2007,0.581403985
1,Penaeus_semisulcatus-51,2008,0.553467015
1,Penaeus_semisulcatus-51,2009,0.529243727
1,Penaeus_semisulcatus-51,2010,0.50864664
1,Penaeus_semisulcatus-51,2011,0.496270128
1,Penaeus_semisulcatus-51,2012,0.492180996
1,Penaeus_semisulcatus-51,2013,0.489635585
1,Penaeus_semisulcatus-51,2014,0.490400253
1,Fenneropenaeus_indicus-51,2001,1.247018169
1,Fenneropenaeus_indicus-51,2002,1.227811287
1,Fenneropenaeus_indicus-51,2003,1.205769797
1,Fenneropenaeus_indicus-51,2004,1.181033447
1,Fenneropenaeus_indicus-51,2005,1.161467189
1,Fenneropenaeus_indicus-51,2006,1.145717388
1,Fenneropenaeus_indicus-51,2007,1.141825405
1,Fenneropenaeus_indicus-51,2008,1.154415362
1,Fenneropenaeus_indicus-51,2009,1.174856999
1,Fenneropenaeus_indicus-51,2010,1.20119468
1,Fenneropenaeus_indicus-51,2011,1.240622608
1,Fenneropenaeus_indicus-51,2012,1.26122062
1,Fenneropenaeus_indicus-51,2013,1.246586531
1,Fenneropenaeus_indicus-51,2014,1.219352911
1,Octopus_cyanea-51,2001,1.455994181
1,Octopus_cyanea-51,2002,1.436908617
1,Octopus_cyanea-51,2003,1.4202052
1,Octopus_cyanea-51,2004,1.404367059
1,Octopus_cyanea-51,2005,1.39227644
1,Octopus_cyanea-51,2006,1.377309588
1,Octopus_cyanea-51,2007,1.363512044
1,Octopus_cyanea-51,2008,1.352708179
1,Octopus_cyanea-51,2009,1.341012203
1,Octopus_cyanea-51,2010,1.329139385
1,Octopus_cyanea-51,2011,1.31724536
1,Octopus_cyanea-51,2012,1.301136805
1,Octopus_cyanea-51,2013,1.280367471
1,Octopus_cyanea-51,2014,1.250967431
2,Coryphaena_hippurus-51,2001,1.60616463
2,Coryphaena_hippurus-51,2002,1.562206292
2,Coryphaena_hippurus-51,2003,1.506019759
2,Coryphaena_hippurus-51,2004,1.460799969
2,Coryphaena_hippurus-51,2005,1.419451472
2,Coryphaena_hippurus-51,2006,1.395754308
2,Coryphaena_hippurus-51,2007,1.369896986
2,Coryphaena_hippurus-51,2008,1.341265414
2,Coryphaena_hippurus-51,2009,1.309119339
2,Coryphaena_hippurus-51,2010,1.262182045
2,Coryphaena_hippurus-51,2011,1.208398669
2,Coryphaena_hippurus-51,2012,1.162118097
2,Coryphaena_hippurus-51,2013,1.125911813
2,Coryphaena_hippurus-51,2014,1.091530427
2,Istiophorus_platypterus-51,2001,1.486972388
2,Istiophorus_platypterus-51,2002,1.473783981
2,Istiophorus_platypterus-51,2003,1.450071064
2,Istiophorus_platypterus-51,2004,1.426866087
2,Istiophorus_platypterus-51,2005,1.40593378
2,Istiophorus_platypterus-51,2006,1.384310014
2,Istiophorus_platypterus-51,2007,1.362771604
2,Istiophorus_platypterus-51,2008,1.342070405
2,Istiophorus_platypterus-51,2009,1.322919349
2,Istiophorus_platypterus-51,2010,1.301069934
2,Istiophorus_platypterus-51,2011,1.272143875
2,Istiophorus_platypterus-51,2012,1.2324879
2,Istiophorus_platypterus-51,2013,1.184518919
2,Istiophorus_platypterus-51,2014,1.122274739
2,Carcharhinus_falciformis-51,2002,1.086946989
2,Carcharhinus_falciformis-51,2003,1.087988824
2,Carcharhinus_falciformis-51,2004,1.089710727
2,Carcharhinus_falciformis-51,2005,1.093951941
2,Carcharhinus_falciformis-51,2006,1.096123683
2,Carcharhinus_falciformis-51,2007,1.098643492
2,Carcharhinus_falciformis-51,2008,1.100650768
2,Carcharhinus_falciformis-51,2009,1.102833368
2,Carcharhinus_falciformis-51,2010,1.104825931
2,Carcharhinus_falciformis-51,2011,1.113425513
2,Carcharhinus_falciformis-51,2012,1.108160057
2,Carcharhinus_falciformis-51,2013,1.088586239
2,Carcharhinus_falciformis-51,2014,1.058293513
2,Carcharhinus_melanopterus-51,2001,1.321688402
2,Carcharhinus_melanopterus-51,2002,1.306510634
2,Carcharhinus_melanopterus-51,2003,1.289824082
2,Carcharhinus_melanopterus-51,2004,1.270144329
2,Carcharhinus_melanopterus-51,2005,1.248610303
2,Carcharhinus_melanopterus-51,2006,1.223912561
2,Carcharhinus_melanopterus-51,2007,1.197574431
2,Carcharhinus_melanopterus-51,2008,1.169162098
2,Carcharhinus_melanopterus-51,2009,1.139773792
2,Carcharhinus_melanopterus-51,2010,1.110612765
2,Carcharhinus_melanopterus-51,2011,1.080520248
2,Carcharhinus_melanopterus-51,2012,1.047289361
2,Carcharhinus_melanopterus-51,2013,1.011455243
2,Carcharhinus_melanopterus-51,2014,0.972793162
2,Lethrinus_nebulosus-51,2001,1.577404971
2,Lethrinus_nebulosus-51,2002,1.566651131
2,Lethrinus_nebulosus-51,2003,1.549212695
2,Lethrinus_nebulosus-51,2004,1.521755759
2,Lethrinus_nebulosus-51,2005,1.48795252
2,Lethrinus_nebulosus-51,2006,1.45008927
2,Lethrinus_nebulosus-51,2007,1.410899102
2,Lethrinus_nebulosus-51,2008,1.372825045
2,Lethrinus_nebulosus-51,2009,1.337018885
2,Lethrinus_nebulosus-51,2010,1.303023549
2,Lethrinus_nebulosus-51,2011,1.271217262
2,Lethrinus_nebulosus-51,2012,1.236113333
2,Lethrinus_nebulosus-51,2013,1.196347222
2,Lethrinus_nebulosus-51,2014,1.153301484
2,Lethrinus_lentjan-51,2001,1.726078735
2,Lethrinus_lentjan-51,2002,1.672326086
2,Lethrinus_lentjan-51,2003,1.604989918
2,Lethrinus_lentjan-51,2004,1.528146185
2,Lethrinus_lentjan-51,2005,1.464131669
2,Lethrinus_lentjan-51,2006,1.40888099
2,Lethrinus_lentjan-51,2007,1.351992936
2,Lethrinus_lentjan-51,2008,1.29729374
2,Lethrinus_lentjan-51,2009,1.238091695
2,Lethrinus_lentjan-51,2010,1.181438191
2,Lethrinus_lentjan-51,2011,1.129254186
2,Lethrinus_lentjan-51,2012,1.081402641
2,Lethrinus_lentjan-51,2013,1.03276783
2,Lethrinus_lentjan-51,2014,0.986544397
2,Lethrinus_olivaceus-51,2001,1.554286483
2,Lethrinus_olivaceus-51,2002,1.531008531
2,Lethrinus_olivaceus-51,2003,1.501484652
2,Lethrinus_olivaceus-51,2004,1.467144164
2,Lethrinus_olivaceus-51,2005,1.428646656
2,Lethrinus_olivaceus-51,2006,1.389418853
2,Lethrinus_olivaceus-51,2007,1.349737753
2,Lethrinus_olivaceus-51,2008,1.311752461
2,Lethrinus_olivaceus-51,2009,1.275203358
2,Lethrinus_olivaceus-51,2010,1.240302572
2,Lethrinus_olivaceus-51,2011,1.206122058
2,Lethrinus_olivaceus-51,2012,1.172563692
2,Lethrinus_olivaceus-51,2013,1.14050783
2,Lethrinus_olivaceus-51,2014,1.110246025
2,Diagramma_pictum-51,2001,1.155902547
2,Diagramma_pictum-51,2002,1.15088558
2,Diagramma_pictum-51,2003,1.143191238
2,Diagramma_pictum-51,2004,1.136323603
2,Diagramma_pictum-51,2005,1.130723398
2,Diagramma_pictum-51,2006,1.130775144
2,Diagramma_pictum-51,2007,1.13184948
2,Diagramma_pictum-51,2008,1.133106625
2,Diagramma_pictum-51,2009,1.135343343
2,Diagramma_pictum-51,2010,1.130210441
2,Diagramma_pictum-51,2011,1.125801049
2,Diagramma_pictum-51,2012,1.121241813
2,Diagramma_pictum-51,2013,1.11632776
2,Diagramma_pictum-51,2014,1.110073692
2,Epinephelus_areolatus-51,2001,1.578665537
2,Epinephelus_areolatus-51,2002,1.553375887
2,Epinephelus_areolatus-51,2003,1.520432927
2,Epinephelus_areolatus-51,2004,1.481616328
2,Epinephelus_areolatus-51,2005,1.441476898
2,Epinephelus_areolatus-51,2006,1.40151147
2,Epinephelus_areolatus-51,2007,1.3616012
2,Epinephelus_areolatus-51,2008,1.323894361
2,Epinephelus_areolatus-51,2009,1.288268055
2,Epinephelus_areolatus-51,2010,1.250529062
2,Epinephelus_areolatus-51,2011,1.213673903
2,Epinephelus_areolatus-51,2012,1.176291402
2,Epinephelus_areolatus-51,2013,1.136150822
2,Epinephelus_areolatus-51,2014,1.094381245
2,Gerres_oyena-51,2001,1.399440154
2,Gerres_oyena-51,2002,1.48601068
2,Gerres_oyena-51,2003,1.549154175
2,Gerres_oyena-51,2004,1.577019061
2,Gerres_oyena-51,2005,1.583550793
2,Gerres_oyena-51,2006,1.560413833
2,Gerres_oyena-51,2007,1.516160156
2,Gerres_oyena-51,2008,1.458741885
2,Gerres_oyena-51,2009,1.392936061
2,Gerres_oyena-51,2010,1.337877776
2,Gerres_oyena-51,2011,1.304286987
2,Gerres_oyena-51,2012,1.269783173
2,Gerres_oyena-51,2013,1.236861127
2,Gerres_oyena-51,2014,1.200643996
2,Penaeus_monodon-51,2001,1.584008485
2,Penaeus_monodon-51,2002,1.559434567
2,Penaeus_monodon-51,2003,1.534956402
2,Penaeus_monodon-51,2004,1.50846296
2,Penaeus_monodon-51,2005,1.484656698
2,Penaeus_monodon-51,2006,1.462808192
2,Penaeus_monodon-51,2007,1.428877799
2,Penaeus_monodon-51,2008,1.375726746
2,Penaeus_monodon-51,2009,1.32728013
2,Penaeus_monodon-51,2010,1.284246995
2,Penaeus_monodon-51,2011,1.222073057
2,Penaeus_monodon-51,2012,1.155167825
2,Penaeus_monodon-51,2013,1.091746229
2,Penaeus_monodon-51,2014,1.01699629
2,Penaeus_semisulcatus-51,2001,0.86925842
2,Penaeus_semisulcatus-51,2002,0.799126109
2,Penaeus_semisulcatus-51,2003,0.74098604
2,Penaeus_semisulcatus-51,2004,0.686958759
2,Penaeus_semisulcatus-51,2005,0.645266038
2,Penaeus_semisulcatus-51,2006,0.611171206
2,Penaeus_semisulcatus-51,2007,0.581403985
2,Penaeus_semisulcatus-51,2008,0.553467015
2,Penaeus_semisulcatus-51,2009,0.529243727
2,Penaeus_semisulcatus-51,2010,0.50864664
2,Penaeus_semisulcatus-51,2011,0.496270128
2,Penaeus_semisulcatus-51,2012,0.492180996
2,Penaeus_semisulcatus-51,2013,0.489635585
2,Penaeus_semisulcatus-51,2014,0.490400253
2,Fenneropenaeus_indicus-51,2001,1.247018169
2,Fenneropenaeus_indicus-51,2002,1.227811287
2,Fenneropenaeus_indicus-51,2003,1.205769797
2,Fenneropenaeus_indicus-51,2004,1.181033447
2,Fenneropenaeus_indicus-51,2005,1.161467189
2,Fenneropenaeus_indicus-51,2006,1.145717388
2,Fenneropenaeus_indicus-51,2007,1.141825405
2,Fenneropenaeus_indicus-51,2008,1.154415362
2,Fenneropenaeus_indicus-51,2009,1.174856999
2,Fenneropenaeus_indicus-51,2010,1.20119468
2,Fenneropenaeus_indicus-51,2011,1.240622608
2,Fenneropenaeus_indicus-51,2012,1.26122062
2,Fenneropenaeus_indicus-51,2013,1.246586531
2,Fenneropenaeus_indicus-51,2014,1.219352911
2,Octopus_cyanea-51,2001,1.455994181
2,Octopus_cyanea-51,2002,1.436908617
2,Octopus_cyanea-51,2003,1.4202052
2,Octopus_cyanea-51,2004,1.404367059
2,Octopus_cyanea-51,2005,1.39227644
2,Octopus_cyanea-51,2006,1.377309588
2,Octopus_cyanea-51,2007,1.363512044
2,Octopus_cyanea-51,2008,1.352708179
2,Octopus_cyanea-51,2009,1.341012203
2,Octopus_cyanea-51,2010,1.329139385
2,Octopus_cyanea-51,2011,1.31724536
2,Octopus_cyanea-51,2012,1.301136805
2,Octopus_cyanea-51,2013,1.280367471
2,Octopus_cyanea-51,2014,1.250967431
3,Coryphaena_hippurus-51,2001,1.60616463
3,Coryphaena_hippurus-51,2002,1.562206292
3,Coryphaena_hippurus-51,2003,1.506019759
3,Coryphaena_hippurus-51,2004,1.460799969
3,Coryphaena_hippurus-51,2005,1.419451472
3,Coryphaena_hippurus-51,2006,1.395754308
3,Coryphaena_hippurus-51,2007,1.369896986
3,Coryphaena_hippurus-51,2008,1.341265414
3,Coryphaena_hippurus-51,2009,1.309119339
3,Coryphaena_hippurus-51,2010,1.262182045
3,Coryphaena_hippurus-51,2011,1.208398669
3,Coryphaena_hippurus-51,2012,1.162118097
3,Coryphaena_hippurus-51,2013,1.125911813
3,Coryphaena_hippurus-51,2014,1.091530427
3,Istiophorus_platypterus-51,2001,1.486972388
3,Istiophorus_platypterus-51,2002,1.473783981
3,Istiophorus_platypterus-51,2003,1.450071064
3,Istiophorus_platypterus-51,2004,1.426866087
3,Istiophorus_platypterus-51,2005,1.40593378
3,Istiophorus_platypterus-51,2006,1.384310014
3,Istiophorus_platypterus-51,2007,1.362771604
3,Istiophorus_platypterus-51,2008,1.342070405
3,Istiophorus_platypterus-51,2009,1.322919349
3,Istiophorus_platypterus-51,2010,1.301069934
3,Istiophorus_platypterus-51,2011,1.272143875
3,Istiophorus_platypterus-51,2012,1.2324879
3,Istiophorus_platypterus-51,2013,1.184518919
3,Istiophorus_platypterus-51,2014,1.122274739
3,Carcharhinus_falciformis-51,2002,1.086946989
3,Carcharhinus_falciformis-51,2003,1.087988824
3,Carcharhinus_falciformis-51,2004,1.089710727
3,Carcharhinus_falciformis-51,2005,1.093951941
3,Carcharhinus_falciformis-51,2006,1.096123683
3,Carcharhinus_falciformis-51,2007,1.098643492
3,Carcharhinus_falciformis-51,2008,1.100650768
3,Carcharhinus_falciformis-51,2009,1.102833368
3,Carcharhinus_falciformis-51,2010,1.104825931
3,Carcharhinus_falciformis-51,2011,1.113425513
3,Carcharhinus_falciformis-51,2012,1.108160057
3,Carcharhinus_falciformis-51,2013,1.088586239
3,Carcharhinus_falciformis-51,2014,1.058293513
3,Carcharhinus_melanopterus-51,2001,1.321688402
3,Carcharhinus_melanopterus-51,2002,1.306510634
3,Carcharhinus_melanopterus-51,2003,1.289824082
3,Carcharhinus_melanopterus-51,2004,1.270144329
3,Carcharhinus_melanopterus-51,2005,1.248610303
3,Carcharhinus_melanopterus-51,2006,1.223912561
3,Carcharhinus_melanopterus-51,2007,1.197574431
3,Carcharhinus_melanopterus-51,2008,1.169162098
3,Carcharhinus_melanopterus-51,2009,1.139773792
3,Carcharhinus_melanopterus-51,2010,1.110612765
3,Carcharhinus_melanopterus-51,2011,1.080520248
3,Carcharhinus_melanopterus-51,2012,1.047289361
3,Carcharhinus_melanopterus-51,2013,1.011455243
3,Carcharhinus_melanopterus-51,2014,0.972793162
3,Lethrinus_nebulosus-51,2001,1.577404971
3,Lethrinus_nebulosus-51,2002,1.566651131
3,Lethrinus_nebulosus-51,2003,1.549212695
3,Lethrinus_nebulosus-51,2004,1.521755759
3,Lethrinus_nebulosus-51,2005,1.48795252
3,Lethrinus_nebulosus-51,2006,1.45008927
3,Lethrinus_nebulosus-51,2007,1.410899102
3,Lethrinus_nebulosus-51,2008,1.372825045
3,Lethrinus_nebulosus-51,2009,1.337018885
3,Lethrinus_nebulosus-51,2010,1.303023549
3,Lethrinus_nebulosus-51,2011,1.271217262
3,Lethrinus_nebulosus-51,2012,1.236113333
3,Lethrinus_nebulosus-51,2013,1.196347222
3,Lethrinus_nebulosus-51,2014,1.153301484
3,Lethrinus_lentjan-51,2001,1.726078735
3,Lethrinus_lentjan-51,2002,1.672326086
3,Lethrinus_lentjan-51,2003,1.604989918
3,Lethrinus_lentjan-51,2004,1.528146185
3,Lethrinus_lentjan-51,2005,1.464131669
3,Lethrinus_lentjan-51,2006,1.40888099
3,Lethrinus_lentjan-51,2007,1.351992936
3,Lethrinus_lentjan-51,2008,1.29729374
3,Lethrinus_lentjan-51,2009,1.238091695
3,Lethrinus_lentjan-51,2010,1.181438191
3,Lethrinus_lentjan-51,2011,1.129254186
3,Lethrinus_lentjan-51,2012,1.081402641
3,Lethrinus_lentjan-51,2013,1.03276783
3,Lethrinus_lentjan-51,2014,0.986544397
3,Lethrinus_olivaceus-51,2001,1.554286483
3,Lethrinus_olivaceus-51,2002,1.531008531
3,Lethrinus_olivaceus-51,2003,1.501484652
3,Lethrinus_olivaceus-51,2004,1.467144164
3,Lethrinus_olivaceus-51,2005,1.428646656
3,Lethrinus_olivaceus-51,2006,1.389418853
3,Lethrinus_olivaceus-51,2007,1.349737753
3,Lethrinus_olivaceus-51,2008,1.311752461
3,Lethrinus_olivaceus-51,2009,1.275203358
3,Lethrinus_olivaceus-51,2010,1.240302572
3,Lethrinus_olivaceus-51,2011,1.206122058
3,Lethrinus_olivaceus-51,2012,1.172563692
3,Lethrinus_olivaceus-51,2013,1.14050783
3,Lethrinus_olivaceus-51,2014,1.110246025
3,Diagramma_pictum-51,2001,1.155902547
3,Diagramma_pictum-51,2002,1.15088558
3,Diagramma_pictum-51,2003,1.143191238
3,Diagramma_pictum-51,2004,1.136323603
3,Diagramma_pictum-51,2005,1.130723398
3,Diagramma_pictum-51,2006,1.130775144
3,Diagramma_pictum-51,2007,1.13184948
3,Diagramma_pictum-51,2008,1.133106625
3,Diagramma_pictum-51,2009,1.135343343
3,Diagramma_pictum-51,2010,1.130210441
3,Diagramma_pictum-51,2011,1.125801049
3,Diagramma_pictum-51,2012,1.121241813
3,Diagramma_pictum-51,2013,1.11632776
3,Diagramma_pictum-51,2014,1.110073692
3,Epinephelus_areolatus-51,2001,1.578665537
3,Epinephelus_areolatus-51,2002,1.553375887
3,Epinephelus_areolatus-51,2003,1.520432927
3,Epinephelus_areolatus-51,2004,1.481616328
3,Epinephelus_areolatus-51,2005,1.441476898
3,Epinephelus_areolatus-51,2006,1.40151147
3,Epinephelus_areolatus-51,2007,1.3616012
3,Epinephelus_areolatus-51,2008,1.323894361
3,Epinephelus_areolatus-51,2009,1.288268055
3,Epinephelus_areolatus-51,2010,1.250529062
3,Epinephelus_areolatus-51,2011,1.213673903
3,Epinephelus_areolatus-51,2012,1.176291402
3,Epinephelus_areolatus-51,2013,1.136150822
3,Epinephelus_areolatus-51,2014,1.094381245
3,Gerres_oyena-51,2001,1.399440154
3,Gerres_oyena-51,2002,1.48601068
3,Gerres_oyena-51,2003,1.549154175
3,Gerres_oyena-51,2004,1.577019061
3,Gerres_oyena-51,2005,1.583550793
3,Gerres_oyena-51,2006,1.560413833
3,Gerres_oyena-51,2007,1.516160156
3,Gerres_oyena-51,2008,1.458741885
3,Gerres_oyena-51,2009,1.392936061
3,Gerres_oyena-51,2010,1.337877776
3,Gerres_oyena-51,2011,1.304286987
3,Gerres_oyena-51,2012,1.269783173
3,Gerres_oyena-51,2013,1.236861127
3,Gerres_oyena-51,2014,1.200643996
3,Penaeus_monodon-51,2001,1.584008485
3,Penaeus_monodon-51,2002,1.559434567
3,Penaeus_monodon-51,2003,1.534956402
3,Penaeus_monodon-51,2004,1.50846296
3,Penaeus_monodon-51,2005,1.484656698
3,Penaeus_monodon-51,2006,1.462808192
3,Penaeus_monodon-51,2007,1.428877799
3,Penaeus_monodon-51,2008,1.375726746
3,Penaeus_monodon-51,2009,1.32728013
3,Penaeus_monodon-51,2010,1.284246995
3,Penaeus_monodon-51,2011,1.222073057
3,Penaeus_monodon-51,2012,1.155167825
3,Penaeus_monodon-51,2013,1.091746229
3,Penaeus_monodon-51,2014,1.01699629
3,Penaeus_semisulcatus-51,2001,0.86925842
3,Penaeus_semisulcatus-51,2002,0.799126109
3,Penaeus_semisulcatus-51,2003,0.74098604
3,Penaeus_semisulcatus-51,2004,0.686958759
3,Penaeus_semisulcatus-51,2005,0.645266038
3,Penaeus_semisulcatus-51,2006,0.611171206
3,Penaeus_semisulcatus-51,2007,0.581403985
3,Penaeus_semisulcatus-51,2008,0.553467015
3,Penaeus_semisulcatus-51,2009,0.529243727
3,Penaeus_semisulcatus-51,2010,0.50864664
3,Penaeus_semisulcatus-51,2011,0.496270128
3,Penaeus_semisulcatus-51,2012,0.492180996
3,Penaeus_semisulcatus-51,2013,0.489635585
3,Penaeus_semisulcatus-51,2014,0.490400253
3,Fenneropenaeus_indicus-51,2001,1.247018169
3,Fenneropenaeus_indicus-51,2002,1.227811287
3,Fenneropenaeus_indicus-51,2003,1.205769797
3,Fenneropenaeus_indicus-51,2004,1.181033447
3,Fenneropenaeus_indicus-51,2005,1.161467189
3,Fenneropenaeus_indicus-51,2006,1.145717388
3,Fenneropenaeus_indicus-51,2007,1.141825405
3,Fenneropenaeus_indicus-51,2008,1.154415362
3,Fenneropenaeus_indicus-51,2009,1.174856999
3,Fenneropenaeus_indicus-51,2010,1.20119468
3,Fenneropenaeus_indicus-51,2011,1.240622608
3,Fenneropenaeus_indicus-51,2012,1.26122062
3,Fenneropenaeus_indicus-51,2013,1.246586531
3,Fenneropenaeus_indicus-51,2014,1.219352911
3,Octopus_cyanea-51,2001,1.455994181
3,Octopus_cyanea-51,2002,1.436908617
3,Octopus_cyanea-51,2003,1.4202052
3,Octopus_cyanea-51,2004,1.404367059
3,Octopus_cyanea-51,2005,1.39227644
3,Octopus_cyanea-51,2006,1.377309588
3,Octopus_cyanea-51,2007,1.363512044
3,Octopus_cyanea-51,2008,1.352708179
3,Octopus_cyanea-51,2009,1.341012203
3,Octopus_cyanea-51,2010,1.329139385
3,Octopus_cyanea-51,2011,1.31724536
3,Octopus_cyanea-51,2012,1.301136805
3,Octopus_cyanea-51,2013,1.280367471
3,Octopus_cyanea-51,2014,1.250967431
4,Coryphaena_hippurus-51,2001,1.60616463
4,Coryphaena_hippurus-51,2002,1.562206292
4,Coryphaena_hippurus-51,2003,1.506019759
4,Coryphaena_hippurus-51,2004,1.460799969
4,Coryphaena_hippurus-51,2005,1.419451472
4,Coryphaena_hippurus-51,2006,1.395754308
4,Coryphaena_hippurus-51,2007,1.369896986
4,Coryphaena_hippurus-51,2008,1.341265414
4,Coryphaena_hippurus-51,2009,1.309119339
4,Coryphaena_hippurus-51,2010,1.262182045
4,Coryphaena_hippurus-51,2011,1.208398669
4,Coryphaena_hippurus-51,2012,1.162118097
4,Coryphaena_hippurus-51,2013,1.125911813
4,Coryphaena_hippurus-51,2014,1.091530427
4,Istiophorus_platypterus-51,2001,1.486972388
4,Istiophorus_platypterus-51,2002,1.473783981
4,Istiophorus_platypterus-51,2003,1.450071064
4,Istiophorus_platypterus-51,2004,1.426866087
4,Istiophorus_platypterus-51,2005,1.40593378
4,Istiophorus_platypterus-51,2006,1.384310014
4,Istiophorus_platypterus-51,2007,1.362771604
4,Istiophorus_platypterus-51,2008,1.342070405
4,Istiophorus_platypterus-51,2009,1.322919349
4,Istiophorus_platypterus-51,2010,1.301069934
4,Istiophorus_platypterus-51,2011,1.272143875
4,Istiophorus_platypterus-51,2012,1.2324879
4,Istiophorus_platypterus-51,2013,1.184518919
4,Istiophorus_platypterus-51,2014,1.122274739
4,Carcharhinus_falciformis-51,2002,1.086946989
4,Carcharhinus_falciformis-51,2003,1.087988824
4,Carcharhinus_falciformis-51,2004,1.089710727
4,Carcharhinus_falciformis-51,2005,1.093951941
4,Carcharhinus_falciformis-51,2006,1.096123683
4,Carcharhinus_falciformis-51,2007,1.098643492
4,Carcharhinus_falciformis-51,2008,1.100650768
4,Carcharhinus_falciformis-51,2009,1.102833368
4,Carcharhinus_falciformis-51,2010,1.104825931
4,Carcharhinus_falciformis-51,2011,1.113425513
4,Carcharhinus_falciformis-51,2012,1.108160057
4,Carcharhinus_falciformis-51,2013,1.088586239
4,Carcharhinus_falciformis-51,2014,1.058293513
4,Carcharhinus_melanopterus-51,2001,1.321688402
4,Carcharhinus_melanopterus-51,2002,1.306510634
4,Carcharhinus_melanopterus-51,2003,1.289824082
4,Carcharhinus_melanopterus-51,2004,1.270144329
4,Carcharhinus_melanopterus-51,2005,1.248610303
4,Carcharhinus_melanopterus-51,2006,1.223912561
4,Carcharhinus_melanopterus-51,2007,1.197574431
4,Carcharhinus_melanopterus-51,2008,1.169162098
4,Carcharhinus_melanopterus-51,2009,1.139773792
4,Carcharhinus_melanopterus-51,2010,1.110612765
4,Carcharhinus_melanopterus-51,2011,1.080520248
4,Carcharhinus_melanopterus-51,2012,1.047289361
4,Carcharhinus_melanopterus-51,2013,1.011455243
4,Carcharhinus_melanopterus-51,2014,0.972793162
4,Lethrinus_nebulosus-51,2001,1.577404971
4,Lethrinus_nebulosus-51,2002,1.566651131
4,Lethrinus_nebulosus-51,2003,1.549212695
4,Lethrinus_nebulosus-51,2004,1.521755759
4,Lethrinus_nebulosus-51,2005,1.48795252
4,Lethrinus_nebulosus-51,2006,1.45008927
4,Lethrinus_nebulosus-51,2007,1.410899102
4,Lethrinus_nebulosus-51,2008,1.372825045
4,Lethrinus_nebulosus-51,2009,1.337018885
4,Lethrinus_nebulosus-51,2010,1.303023549
4,Lethrinus_nebulosus-51,2011,1.271217262
4,Lethrinus_nebulosus-51,2012,1.236113333
4,Lethrinus_nebulosus-51,2013,1.196347222
4,Lethrinus_nebulosus-51,2014,1.153301484
4,Lethrinus_lentjan-51,2001,1.726078735
4,Lethrinus_lentjan-51,2002,1.672326086
4,Lethrinus_lentjan-51,2003,1.604989918
4,Lethrinus_lentjan-51,2004,1.528146185
4,Lethrinus_lentjan-51,2005,1.464131669
4,Lethrinus_lentjan-51,2006,1.40888099
4,Lethrinus_lentjan-51,2007,1.351992936
4,Lethrinus_lentjan-51,2008,1.29729374
4,Lethrinus_lentjan-51,2009,1.238091695
4,Lethrinus_lentjan-51,2010,1.181438191
4,Lethrinus_lentjan-51,2011,1.129254186
4,Lethrinus_lentjan-51,2012,1.081402641
4,Lethrinus_lentjan-51,2013,1.03276783
4,Lethrinus_lentjan-51,2014,0.986544397
4,Lethrinus_olivaceus-51,2001,1.554286483
4,Lethrinus_olivaceus-51,2002,1.531008531
4,Lethrinus_olivaceus-51,2003,1.501484652
4,Lethrinus_olivaceus-51,2004,1.467144164
4,Lethrinus_olivaceus-51,2005,1.428646656
4,Lethrinus_olivaceus-51,2006,1.389418853
4,Lethrinus_olivaceus-51,2007,1.349737753
4,Lethrinus_olivaceus-51,2008,1.311752461
4,Lethrinus_olivaceus-51,2009,1.275203358
4,Lethrinus_olivaceus-51,2010,1.240302572
4,Lethrinus_olivaceus-51,2011,1.206122058
4,Lethrinus_olivaceus-51,2012,1.172563692
4,Lethrinus_olivaceus-51,2013,1.14050783
4,Lethrinus_olivaceus-51,2014,1.110246025
4,Diagramma_pictum-51,2001,1.155902547
4,Diagramma_pictum-51,2002,1.15088558
4,Diagramma_pictum-51,2003,1.143191238
4,Diagramma_pictum-51,2004,1.136323603
4,Diagramma_pictum-51,2005,1.130723398
4,Diagramma_pictum-51,2006,1.130775144
4,Diagramma_pictum-51,2007,1.13184948
4,Diagramma_pictum-51,2008,1.133106625
4,Diagramma_pictum-51,2009,1.135343343
4,Diagramma_pictum-51,2010,1.130210441
4,Diagramma_pictum-51,2011,1.125801049
4,Diagramma_pictum-51,2012,1.121241813
4,Diagramma_pictum-51,2013,1.11632776
4,Diagramma_pictum-51,2014,1.110073692
4,Epinephelus_areolatus-51,2001,1.578665537
4,Epinephelus_areolatus-51,2002,1.553375887
4,Epinephelus_areolatus-51,2003,1.520432927
4,Epinephelus_areolatus-51,2004,1.481616328
4,Epinephelus_areolatus-51,2005,1.441476898
4,Epinephelus_areolatus-51,2006,1.40151147
4,Epinephelus_areolatus-51,2007,1.3616012
4,Epinephelus_areolatus-51,2008,1.323894361
4,Epinephelus_areolatus-51,2009,1.288268055
4,Epinephelus_areolatus-51,2010,1.250529062
4,Epinephelus_areolatus-51,2011,1.213673903
4,Epinephelus_areolatus-51,2012,1.176291402
4,Epinephelus_areolatus-51,2013,1.136150822
4,Epinephelus_areolatus-51,2014,1.094381245
4,Gerres_oyena-51,2001,1.399440154
4,Gerres_oyena-51,2002,1.48601068
4,Gerres_oyena-51,2003,1.549154175
4,Gerres_oyena-51,2004,1.577019061
4,Gerres_oyena-51,2005,1.583550793
4,Gerres_oyena-51,2006,1.560413833
4,Gerres_oyena-51,2007,1.516160156
4,Gerres_oyena-51,2008,1.458741885
4,Gerres_oyena-51,2009,1.392936061
4,Gerres_oyena-51,2010,1.337877776
4,Gerres_oyena-51,2011,1.304286987
4,Gerres_oyena-51,2012,1.269783173
4,Gerres_oyena-51,2013,1.236861127
4,Gerres_oyena-51,2014,1.200643996
4,Penaeus_monodon-51,2001,1.584008485
4,Penaeus_monodon-51,2002,1.559434567
4,Penaeus_monodon-51,2003,1.534956402
4,Penaeus_monodon-51,2004,1.50846296
4,Penaeus_monodon-51,2005,1.484656698
4,Penaeus_monodon-51,2006,1.462808192
4,Penaeus_monodon-51,2007,1.428877799
4,Penaeus_monodon-51,2008,1.375726746
4,Penaeus_monodon-51,2009,1.32728013
4,Penaeus_monodon-51,2010,1.284246995
4,Penaeus_monodon-51,2011,1.222073057
4,Penaeus_monodon-51,2012,1.155167825
4,Penaeus_monodon-51,2013,1.091746229
4,Penaeus_monodon-51,2014,1.01699629
4,Penaeus_semisulcatus-51,2001,0.86925842
4,Penaeus_semisulcatus-51,2002,0.799126109
4,Penaeus_semisulcatus-51,2003,0.74098604
4,Penaeus_semisulcatus-51,2004,0.686958759
4,Penaeus_semisulcatus-51,2005,0.645266038
4,Penaeus_semisulcatus-51,2006,0.611171206
4,Penaeus_semisulcatus-51,2007,0.581403985
4,Penaeus_semisulcatus-51,2008,0.553467015
4,Penaeus_semisulcatus-51,2009,0.529243727
4,Penaeus_semisulcatus-51,2010,0.50864664
4,Penaeus_semisulcatus-51,2011,0.496270128
4,Penaeus_semisulcatus-51,2012,0.492180996
4,Penaeus_semisulcatus-51,2013,0.489635585
4,Penaeus_semisulcatus-51,2014,0.490400253
4,Fenneropenaeus_indicus-51,2001,1.247018169
4,Fenneropenaeus_indicus-51,2002,1.227811287
4,Fenneropenaeus_indicus-51,2003,1.205769797
4,Fenneropenaeus_indicus-51,2004,1.181033447
4,Fenneropenaeus_indicus-51,2005,1.161467189
4,Fenneropenaeus_indicus-51,2006,1.145717388
4,Fenneropenaeus_indicus-51,2007,1.141825405
4,Fenneropenaeus_indicus-51,2008,1.154415362
4,Fenneropenaeus_indicus-51,2009,1.174856999
4,Fenneropenaeus_indicus-51,2010,1.20119468
4,Fenneropenaeus_indicus-51,2011,1.240622608
4,Fenneropenaeus_indicus-51,2012,1.26122062
4,Fenneropenaeus_indicus-51,2013,1.246586531
4,Fenneropenaeus_indicus-51,2014,1.219352911
4,Octopus_cyanea-51,2001,1.455994181
4,Octopus_cyanea-51,2002,1.436908617
4,Octopus_cyanea-51,2003,1.4202052
4,Octopus_cyanea-51,2004,1.404367059
4,Octopus_cyanea-51,2005,1.39227644
4,Octopus_cyanea-51,2006,1.377309588
4,Octopus_cyanea-51,2007,1.363512044
4,Octopus_cyanea-51,2008,1.352708179
4,Octopus_cyanea-51,2009,1.341012203
4,Octopus_cyanea-51,2010,1.329139385
4,Octopus_cyanea-51,2011,1.31724536
4,Octopus_cyanea-51,2012,1.301136805
4,Octopus_cyanea-51,2013,1.280367471
4,Octopus_cyanea-51,2014,1.250967431
5,Coryphaena_hippurus-51,2001,1.60616463
5,Coryphaena_hippurus-51,2002,1.562206292
5,Coryphaena_hippurus-51,2003,1.506019759
5,Coryphaena_hippurus-51,2004,1.460799969
5,Coryphaena_hippurus-51,2005,1.419451472
5,Coryphaena_hippurus-51,2006,1.395754308
5,Coryphaena_hippurus-51,2007,1.369896986
5,Coryphaena_hippurus-51,2008,1.341265414
5,Coryphaena_hippurus-51,2009,1.309119339
5,Coryphaena_hippurus-51,2010,1.262182045
5,Coryphaena_hippurus-51,2011,1.208398669
5,Coryphaena_hippurus-51,2012,1.162118097
5,Coryphaena_hippurus-51,2013,1.125911813
5,Coryphaena_hippurus-51,2014,1.091530427
5,Istiophorus_platypterus-51,2001,1.486972388
5,Istiophorus_platypterus-51,2002,1.473783981
5,Istiophorus_platypterus-51,2003,1.450071064
5,Istiophorus_platypterus-51,2004,1.426866087
5,Istiophorus_platypterus-51,2005,1.40593378
5,Istiophorus_platypterus-51,2006,1.384310014
5,Istiophorus_platypterus-51,2007,1.362771604
5,Istiophorus_platypterus-51,2008,1.342070405
5,Istiophorus_platypterus-51,2009,1.322919349
5,Istiophorus_platypterus-51,2010,1.301069934
5,Istiophorus_platypterus-51,2011,1.272143875
5,Istiophorus_platypterus-51,2012,1.2324879
5,Istiophorus_platypterus-51,2013,1.184518919
5,Istiophorus_platypterus-51,2014,1.122274739
5,Carcharhinus_falciformis-51,2002,1.086946989
5,Carcharhinus_falciformis-51,2003,1.087988824
5,Carcharhinus_falciformis-51,2004,1.089710727
5,Carcharhinus_falciformis-51,2005,1.093951941
5,Carcharhinus_falciformis-51,2006,1.096123683
5,Carcharhinus_falciformis-51,2007,1.098643492
5,Carcharhinus_falciformis-51,2008,1.100650768
5,Carcharhinus_falciformis-51,2009,1.102833368
5,Carcharhinus_falciformis-51,2010,1.104825931
5,Carcharhinus_falciformis-51,2011,1.113425513
5,Carcharhinus_falciformis-51,2012,1.108160057
5,Carcharhinus_falciformis-51,2013,1.088586239
5,Carcharhinus_falciformis-51,2014,1.058293513
5,Carcharhinus_melanopterus-51,2001,1.321688402
5,Carcharhinus_melanopterus-51,2002,1.306510634
5,Carcharhinus_melanopterus-51,2003,1.289824082
5,Carcharhinus_melanopterus-51,2004,1.270144329
5,Carcharhinus_melanopterus-51,2005,1.248610303
5,Carcharhinus_melanopterus-51,2006,1.223912561
5,Carcharhinus_melanopterus-51,2007,1.197574431
5,Carcharhinus_melanopterus-51,2008,1.169162098
5,Carcharhinus_melanopterus-51,2009,1.139773792
5,Carcharhinus_melanopterus-51,2010,1.110612765
5,Carcharhinus_melanopterus-51,2011,1.080520248
5,Carcharhinus_melanopterus-51,2012,1.047289361
5,Carcharhinus_melanopterus-51,2013,1.011455243
5,Carcharhinus_melanopterus-51,2014,0.972793162
5,Lethrinus_nebulosus-51,2001,1.577404971
5,Lethrinus_nebulosus-51,2002,1.566651131
5,Lethrinus_nebulosus-51,2003,1.549212695
5,Lethrinus_nebulosus-51,2004,1.521755759
5,Lethrinus_nebulosus-51,2005,1.48795252
5,Lethrinus_nebulosus-51,2006,1.45008927
5,Lethrinus_nebulosus-51,2007,1.410899102
5,Lethrinus_nebulosus-51,2008,1.372825045
5,Lethrinus_nebulosus-51,2009,1.337018885
5,Lethrinus_nebulosus-51,2010,1.303023549
5,Lethrinus_nebulosus-51,2011,1.271217262
5,Lethrinus_nebulosus-51,2012,1.236113333
5,Lethrinus_nebulosus-51,2013,1.196347222
5,Lethrinus_nebulosus-51,2014,1.153301484
5,Lethrinus_lentjan-51,2001,1.726078735
5,Lethrinus_lentjan-51,2002,1.672326086
5,Lethrinus_lentjan-51,2003,1.604989918
5,Lethrinus_lentjan-51,2004,1.528146185
5,Lethrinus_lentjan-51,2005,1.464131669
5,Lethrinus_lentjan-51,2006,1.40888099
5,Lethrinus_lentjan-51,2007,1.351992936
5,Lethrinus_lentjan-51,2008,1.29729374
5,Lethrinus_lentjan-51,2009,1.238091695
5,Lethrinus_lentjan-51,2010,1.181438191
5,Lethrinus_lentjan-51,2011,1.129254186
5,Lethrinus_lentjan-51,2012,1.081402641
5,Lethrinus_lentjan-51,2013,1.03276783
5,Lethrinus_lentjan-51,2014,0.986544397
5,Lethrinus_olivaceus-51,2001,1.554286483
5,Lethrinus_olivaceus-51,2002,1.531008531
5,Lethrinus_olivaceus-51,2003,1.501484652
5,Lethrinus_olivaceus-51,2004,1.467144164
5,Lethrinus_olivaceus-51,2005,1.428646656
5,Lethrinus_olivaceus-51,2006,1.389418853
5,Lethrinus_olivaceus-51,2007,1.349737753
5,Lethrinus_olivaceus-51,2008,1.311752461
5,Lethrinus_olivaceus-51,2009,1.275203358
5,Lethrinus_olivaceus-51,2010,1.240302572
5,Lethrinus_olivaceus-51,2011,1.206122058
5,Lethrinus_olivaceus-51,2012,1.172563692
5,Lethrinus_olivaceus-51,2013,1.14050783
5,Lethrinus_olivaceus-51,2014,1.110246025
5,Diagramma_pictum-51,2001,1.155902547
5,Diagramma_pictum-51,2002,1.15088558
5,Diagramma_pictum-51,2003,1.143191238
5,Diagramma_pictum-51,2004,1.136323603
5,Diagramma_pictum-51,2005,1.130723398
5,Diagramma_pictum-51,2006,1.130775144
5,Diagramma_pictum-51,2007,1.13184948
5,Diagramma_pictum-51,2008,1.133106625
5,Diagramma_pictum-51,2009,1.135343343
5,Diagramma_pictum-51,2010,1.130210441
5,Diagramma_pictum-51,2011,1.125801049
5,Diagramma_pictum-51,2012,1.121241813
5,Diagramma_pictum-51,2013,1.11632776
5,Diagramma_pictum-51,2014,1.110073692
5,Epinephelus_areolatus-51,2001,1.578665537
5,Epinephelus_areolatus-51,2002,1.553375887
5,Epinephelus_areolatus-51,2003,1.520432927
5,Epinephelus_areolatus-51,2004,1.481616328
5,Epinephelus_areolatus-51,2005,1.441476898
5,Epinephelus_areolatus-51,2006,1.40151147
5,Epinephelus_areolatus-51,2007,1.3616012
5,Epinephelus_areolatus-51,2008,1.323894361
5,Epinephelus_areolatus-51,2009,1.288268055
5,Epinephelus_areolatus-51,2010,1.250529062
5,Epinephelus_areolatus-51,2011,1.213673903
5,Epinephelus_areolatus-51,2012,1.176291402
5,Epinephelus_areolatus-51,2013,1.136150822
5,Epinephelus_areolatus-51,2014,1.094381245
5,Gerres_oyena-51,2001,1.399440154
5,Gerres_oyena-51,2002,1.48601068
5,Gerres_oyena-51,2003,1.549154175
5,Gerres_oyena-51,2004,1.577019061
5,Gerres_oyena-51,2005,1.583550793
5,Gerres_oyena-51,2006,1.560413833
5,Gerres_oyena-51,2007,1.516160156
5,Gerres_oyena-51,2008,1.458741885
5,Gerres_oyena-51,2009,1.392936061
5,Gerres_oyena-51,2010,1.337877776
5,Gerres_oyena-51,2011,1.304286987
5,Gerres_oyena-51,2012,1.269783173
5,Gerres_oyena-51,2013,1.236861127
5,Gerres_oyena-51,2014,1.200643996
5,Penaeus_monodon-51,2001,1.584008485
5,Penaeus_monodon-51,2002,1.559434567
5,Penaeus_monodon-51,2003,1.534956402
5,Penaeus_monodon-51,2004,1.50846296
5,Penaeus_monodon-51,2005,1.484656698
5,Penaeus_monodon-51,2006,1.462808192
5,Penaeus_monodon-51,2007,1.428877799
5,Penaeus_monodon-51,2008,1.375726746
5,Penaeus_monodon-51,2009,1.32728013
5,Penaeus_monodon-51,2010,1.284246995
5,Penaeus_monodon-51,2011,1.222073057
5,Penaeus_monodon-51,2012,1.155167825
5,Penaeus_monodon-51,2013,1.091746229
5,Penaeus_monodon-51,2014,1.01699629
5,Penaeus_semisulcatus-51,2001,0.86925842
5,Penaeus_semisulcatus-51,2002,0.799126109
5,Penaeus_semisulcatus-51,2003,0.74098604
5,Penaeus_semisulcatus-51,2004,0.686958759
5,Penaeus_semisulcatus-51,2005,0.645266038
5,Penaeus_semisulcatus-51,2006,0.611171206
5,Penaeus_semisulcatus-51,2007,0.581403985
5,Penaeus_semisulcatus-51,2008,0.553467015
5,Penaeus_semisulcatus-51,2009,0.529243727
5,Penaeus_semisulcatus-51,2010,0.50864664
5,Penaeus_semisulcatus-51,2011,0.496270128
5,Penaeus_semisulcatus-51,2012,0.492180996
5,Penaeus_semisulcatus-51,2013,0.489635585
5,Penaeus_semisulcatus-51,2014,0.490400253
5,Fenneropenaeus_indicus-51,2001,1.247018169
5,Fenneropenaeus_indicus-51,2002,1.227811287
5,Fenneropenaeus_indicus-51,2003,1.205769797
5,Fenneropenaeus_indicus-51,2004,1.181033447
5,Fenneropenaeus_indicus-51,2005,1.161467189
5,Fenneropenaeus_indicus-51,2006,1.145717388
5,Fenneropenaeus_indicus-51,2007,1.141825405
5,Fenneropenaeus_indicus-51,2008,1.154415362
5,Fenneropenaeus_indicus-51,2009,1.174856999
5,Fenneropenaeus_indicus-51,2010,1.20119468
5,Fenneropenaeus_indicus-51,2011,1.240622608
5,Fenneropenaeus_indicus-51,2012,1.26122062
5,Fenneropenaeus_indicus-51,2013,1.246586531
5,Fenneropenaeus_indicus-51,2014,1.219352911
5,Octopus_cyanea-51,2001,1.455994181
5,Octopus_cyanea-51,2002,1.436908617
5,Octopus_cyanea-51,2003,1.4202052
5,Octopus_cyanea-51,2004,1.404367059
5,Octopus_cyanea-51,2005,1.39227644
5,Octopus_cyanea-51,2006,1.377309588
5,Octopus_cyanea-51,2007,1.363512044
5,Octopus_cyanea-51,2008,1.352708179
5,Octopus_cyanea-51,2009,1.341012203
5,Octopus_cyanea-51,2010,1.329139385
5,Octopus_cyanea-51,2011,1.31724536
5,Octopus_cyanea-51,2012,1.301136805
5,Octopus_cyanea-51,2013,1.280367471
5,Octopus_cyanea-51,2014,1.250967431
6,Coryphaena_hippurus-51,2001,1.60616463
6,Coryphaena_hippurus-51,2002,1.562206292
6,Coryphaena_hippurus-51,2003,1.506019759
6,Coryphaena_hippurus-51,2004,1.460799969
6,Coryphaena_hippurus-51,2005,1.419451472
6,Coryphaena_hippurus-51,2006,1.395754308
6,Coryphaena_hippurus-51,2007,1.369896986
6,Coryphaena_hippurus-51,2008,1.341265414
6,Coryphaena_hippurus-51,2009,1.309119339
6,Coryphaena_hippurus-51,2010,1.262182045
6,Coryphaena_hippurus-51,2011,1.208398669
6,Coryphaena_hippurus-51,2012,1.162118097
6,Coryphaena_hippurus-51,2013,1.125911813
6,Coryphaena_hippurus-51,2014,1.091530427
6,Istiophorus_platypterus-51,2001,1.486972388
6,Istiophorus_platypterus-51,2002,1.473783981
6,Istiophorus_platypterus-51,2003,1.450071064
6,Istiophorus_platypterus-51,2004,1.426866087
6,Istiophorus_platypterus-51,2005,1.40593378
6,Istiophorus_platypterus-51,2006,1.384310014
6,Istiophorus_platypterus-51,2007,1.362771604
6,Istiophorus_platypterus-51,2008,1.342070405
6,Istiophorus_platypterus-51,2009,1.322919349
6,Istiophorus_platypterus-51,2010,1.301069934
6,Istiophorus_platypterus-51,2011,1.272143875
6,Istiophorus_platypterus-51,2012,1.2324879
6,Istiophorus_platypterus-51,2013,1.184518919
6,Istiophorus_platypterus-51,2014,1.122274739
6,Carcharhinus_falciformis-51,2002,1.086946989
6,Carcharhinus_falciformis-51,2003,1.087988824
6,Carcharhinus_falciformis-51,2004,1.089710727
6,Carcharhinus_falciformis-51,2005,1.093951941
6,Carcharhinus_falciformis-51,2006,1.096123683
6,Carcharhinus_falciformis-51,2007,1.098643492
6,Carcharhinus_falciformis-51,2008,1.100650768
6,Carcharhinus_falciformis-51,2009,1.102833368
6,Carcharhinus_falciformis-51,2010,1.104825931
6,Carcharhinus_falciformis-51,2011,1.113425513
6,Carcharhinus_falciformis-51,2012,1.108160057
6,Carcharhinus_falciformis-51,2013,1.088586239
6,Carcharhinus_falciformis-51,2014,1.058293513
6,Carcharhinus_melanopterus-51,2001,1.321688402
6,Carcharhinus_melanopterus-51,2002,1.306510634
6,Carcharhinus_melanopterus-51,2003,1.289824082
6,Carcharhinus_melanopterus-51,2004,1.270144329
6,Carcharhinus_melanopterus-51,2005,1.248610303
6,Carcharhinus_melanopterus-51,2006,1.223912561
6,Carcharhinus_melanopterus-51,2007,1.197574431
6,Carcharhinus_melanopterus-51,2008,1.169162098
6,Carcharhinus_melanopterus-51,2009,1.139773792
6,Carcharhinus_melanopterus-51,2010,1.110612765
6,Carcharhinus_melanopterus-51,2011,1.080520248
6,Carcharhinus_melanopterus-51,2012,1.047289361
6,Carcharhinus_melanopterus-51,2013,1.011455243
6,Carcharhinus_melanopterus-51,2014,0.972793162
6,Lethrinus_nebulosus-51,2001,1.577404971
6,Lethrinus_nebulosus-51,2002,1.566651131
6,Lethrinus_nebulosus-51,2003,1.549212695
6,Lethrinus_nebulosus-51,2004,1.521755759
6,Lethrinus_nebulosus-51,2005,1.48795252
6,Lethrinus_nebulosus-51,2006,1.45008927
6,Lethrinus_nebulosus-51,2007,1.410899102
6,Lethrinus_nebulosus-51,2008,1.372825045
6,Lethrinus_nebulosus-51,2009,1.337018885
6,Lethrinus_nebulosus-51,2010,1.303023549
6,Lethrinus_nebulosus-51,2011,1.271217262
6,Lethrinus_nebulosus-51,2012,1.236113333
6,Lethrinus_nebulosus-51,2013,1.196347222
6,Lethrinus_nebulosus-51,2014,1.153301484
6,Lethrinus_lentjan-51,2001,1.726078735
6,Lethrinus_lentjan-51,2002,1.672326086
6,Lethrinus_lentjan-51,2003,1.604989918
6,Lethrinus_lentjan-51,2004,1.528146185
6,Lethrinus_lentjan-51,2005,1.464131669
6,Lethrinus_lentjan-51,2006,1.40888099
6,Lethrinus_lentjan-51,2007,1.351992936
6,Lethrinus_lentjan-51,2008,1.29729374
6,Lethrinus_lentjan-51,2009,1.238091695
6,Lethrinus_lentjan-51,2010,1.181438191
6,Lethrinus_lentjan-51,2011,1.129254186
6,Lethrinus_lentjan-51,2012,1.081402641
6,Lethrinus_lentjan-51,2013,1.03276783
6,Lethrinus_lentjan-51,2014,0.986544397
6,Lethrinus_olivaceus-51,2001,1.554286483
6,Lethrinus_olivaceus-51,2002,1.531008531
6,Lethrinus_olivaceus-51,2003,1.501484652
6,Lethrinus_olivaceus-51,2004,1.467144164
6,Lethrinus_olivaceus-51,2005,1.428646656
6,Lethrinus_olivaceus-51,2006,1.389418853
6,Lethrinus_olivaceus-51,2007,1.349737753
6,Lethrinus_olivaceus-51,2008,1.311752461
6,Lethrinus_olivaceus-51,2009,1.275203358
6,Lethrinus_olivaceus-51,2010,1.240302572
6,Lethrinus_olivaceus-51,2011,1.206122058
6,Lethrinus_olivaceus-51,2012,1.172563692
6,Lethrinus_olivaceus-51,2013,1.14050783
6,Lethrinus_olivaceus-51,2014,1.110246025
6,Diagramma_pictum-51,2001,1.155902547
6,Diagramma_pictum-51,2002,1.15088558
6,Diagramma_pictum-51,2003,1.143191238
6,Diagramma_pictum-51,2004,1.136323603
6,Diagramma_pictum-51,2005,1.130723398
6,Diagramma_pictum-51,2006,1.130775144
6,Diagramma_pictum-51,2007,1.13184948
6,Diagramma_pictum-51,2008,1.133106625
6,Diagramma_pictum-51,2009,1.135343343
6,Diagramma_pictum-51,2010,1.130210441
6,Diagramma_pictum-51,2011,1.125801049
6,Diagramma_pictum-51,2012,1.121241813
6,Diagramma_pictum-51,2013,1.11632776
6,Diagramma_pictum-51,2014,1.110073692
6,Epinephelus_areolatus-51,2001,1.578665537
6,Epinephelus_areolatus-51,2002,1.553375887
6,Epinephelus_areolatus-51,2003,1.520432927
6,Epinephelus_areolatus-51,2004,1.481616328
6,Epinephelus_areolatus-51,2005,1.441476898
6,Epinephelus_areolatus-51,2006,1.40151147
6,Epinephelus_areolatus-51,2007,1.3616012
6,Epinephelus_areolatus-51,2008,1.323894361
6,Epinephelus_areolatus-51,2009,1.288268055
6,Epinephelus_areolatus-51,2010,1.250529062
6,Epinephelus_areolatus-51,2011,1.213673903
6,Epinephelus_areolatus-51,2012,1.176291402
6,Epinephelus_areolatus-51,2013,1.136150822
6,Epinephelus_areolatus-51,2014,1.094381245
6,Gerres_oyena-51,2001,1.399440154
6,Gerres_oyena-51,2002,1.48601068
6,Gerres_oyena-51,2003,1.549154175
6,Gerres_oyena-51,2004,1.577019061
6,Gerres_oyena-51,2005,1.583550793
6,Gerres_oyena-51,2006,1.560413833
6,Gerres_oyena-51,2007,1.516160156
6,Gerres_oyena-51,2008,1.458741885
6,Gerres_oyena-51,2009,1.392936061
6,Gerres_oyena-51,2010,1.337877776
6,Gerres_oyena-51,2011,1.304286987
6,Gerres_oyena-51,2012,1.269783173
6,Gerres_oyena-51,2013,1.236861127
6,Gerres_oyena-51,2014,1.200643996
6,Penaeus_monodon-51,2001,1.584008485
6,Penaeus_monodon-51,2002,1.559434567
6,Penaeus_monodon-51,2003,1.534956402
6,Penaeus_monodon-51,2004,1.50846296
6,Penaeus_monodon-51,2005,1.484656698
6,Penaeus_monodon-51,2006,1.462808192
6,Penaeus_monodon-51,2007,1.428877799
6,Penaeus_monodon-51,2008,1.375726746
6,Penaeus_monodon-51,2009,1.32728013
6,Penaeus_monodon-51,2010,1.284246995
6,Penaeus_monodon-51,2011,1.222073057
6,Penaeus_monodon-51,2012,1.155167825
6,Penaeus_monodon-51,2013,1.091746229
6,Penaeus_monodon-51,2014,1.01699629
6,Penaeus_semisulcatus-51,2001,0.86925842
6,Penaeus_semisulcatus-51,2002,0.799126109
6,Penaeus_semisulcatus-51,2003,0.74098604
6,Penaeus_semisulcatus-51,2004,0.686958759
6,Penaeus_semisulcatus-51,2005,0.645266038
6,Penaeus_semisulcatus-51,2006,0.611171206
6,Penaeus_semisulcatus-51,2007,0.581403985
6,Penaeus_semisulcatus-51,2008,0.553467015
6,Penaeus_semisulcatus-51,2009,0.529243727
6,Penaeus_semisulcatus-51,2010,0.50864664
6,Penaeus_semisulcatus-51,2011,0.496270128
6,Penaeus_semisulcatus-51,2012,0.492180996
6,Penaeus_semisulcatus-51,2013,0.489635585
6,Penaeus_semisulcatus-51,2014,0.490400253
6,Fenneropenaeus_indicus-51,2001,1.247018169
6,Fenneropenaeus_indicus-51,2002,1.227811287
6,Fenneropenaeus_indicus-51,2003,1.205769797
6,Fenneropenaeus_indicus-51,2004,1.181033447
6,Fenneropenaeus_indicus-51,2005,1.161467189
6,Fenneropenaeus_indicus-51,2006,1.145717388
6,Fenneropenaeus_indicus-51,2007,1.141825405
6,Fenneropenaeus_indicus-51,2008,1.154415362
6,Fenneropenaeus_indicus-51,2009,1.174856999
6,Fenneropenaeus_indicus-51,2010,1.20119468
6,Fenneropenaeus_indicus-51,2011,1.240622608
6,Fenneropenaeus_indicus-51,2012,1.26122062
6,Fenneropenaeus_indicus-51,2013,1.246586531
6,Fenneropenaeus_indicus-51,2014,1.219352911
6,Octopus_cyanea-51,2001,1.455994181
6,Octopus_cyanea-51,2002,1.436908617
6,Octopus_cyanea-51,2003,1.4202052
6,Octopus_cyanea-51,2004,1.404367059
6,Octopus_cyanea-51,2005,1.39227644
6,Octopus_cyanea-51,2006,1.377309588
6,Octopus_cyanea-51,2007,1.363512044
6,Octopus_cyanea-51,2008,1.352708179
6,Octopus_cyanea-51,2009,1.341012203
6,Octopus_cyanea-51,2010,1.329139385
6,Octopus_cyanea-51,2011,1.31724536
6,Octopus_cyanea-51,2012,1.301136805
6,Octopus_cyanea-51,2013,1.280367471
6,Octopus_cyanea-51,2014,1.250967431
